iden,char,code
20,FA==,4
48,0,4
49,1,4
50,2,4
51,3,4
52,4,4
53,5,4
54,6,4
55,7,4
56,8,4
57,9,4
65,A,-1
66,B,4
67,C,-1
68,D,-1
69,E,-1
70,F,4
71,G,-1
72,H,-1
73,I,-1
74,J,-1
75,K,4
76,L,-1
77,M,-1
78,N,-1
79,O,-1
80,P,4
81,Q,-1
82,R,-1
83,S,4
84,T,-1
85,U,-1
86,V,-1
87,W,-1
88,X,4
89,Y,-1
90,Z,-1
97,a,-1
98,b,-1
99,c,-1
100,d,-1
101,e,-1
102,f,4
103,g,-1
104,h,-1
105,i,-1
106,j,-1
107,k,4
108,l,-1
109,m,-1
110,n,-1
111,o,-1
112,p,4
113,q,-1
114,r,-1
115,s,-1
116,t,4
117,u,-1
118,v,-1
119,w,-1
120,x,4
121,y,-1
122,z,-1
8208,‐,-1
12293,々,-1
12353,ぁ,-1
12354,あ,-1
12355,ぃ,-1
12356,い,-1
12357,ぅ,-1
12358,う,-1
12359,ぇ,-1
12360,え,-1
12361,ぉ,-1
12362,お,-1
12363,か,-1
12364,が,-1
12365,き,-1
12366,ぎ,-1
12367,く,-1
12368,ぐ,-1
12369,け,-1
12370,げ,-1
12371,こ,-1
12372,ご,-1
12373,さ,-1
12374,ざ,-1
12375,し,-1
12376,じ,-1
12377,す,-1
12378,ず,-1
12379,せ,-1
12380,ぜ,-1
12381,そ,-1
12382,ぞ,-1
12383,た,-1
12384,だ,-1
12385,ち,-1
12386,ぢ,-1
12387,っ,-1
12388,つ,-1
12389,づ,-1
12390,て,-1
12391,で,-1
12392,と,-1
12393,ど,-1
12394,な,-1
12395,に,-1
12396,ぬ,-1
12397,ね,-1
12398,の,-1
12399,は,-1
12400,ば,-1
12401,ぱ,-1
12402,ひ,-1
12403,び,-1
12404,ぴ,-1
12405,ふ,-1
12406,ぶ,-1
12407,ぷ,-1
12408,へ,-1
12409,べ,-1
12410,ぺ,-1
12411,ほ,-1
12412,ぼ,-1
12413,ぽ,-1
12414,ま,-1
12415,み,-1
12416,む,-1
12417,め,-1
12418,も,-1
12419,ゃ,-1
12420,や,-1
12421,ゅ,-1
12422,ゆ,-1
12423,ょ,-1
12424,よ,-1
12425,ら,-1
12426,り,-1
12427,る,-1
12428,れ,-1
12429,ろ,-1
12430,ゎ,4
12431,わ,-1
12432,ゐ,-1
12433,ゑ,4
12434,を,-1
12435,ん,-1
12436,ゔ,4
12437,ゕ,4
12438,ゖ,4
12445,ゝ,-1
12446,ゞ,-1
12447,ゟ,-1
12448,゠,4
12449,ァ,-1
12450,ア,-1
12451,ィ,-1
12452,イ,-1
12453,ゥ,-1
12454,ウ,-1
12455,ェ,-1
12456,エ,-1
12457,ォ,-1
12458,オ,-1
12459,カ,-1
12460,ガ,-1
12461,キ,-1
12462,ギ,-1
12463,ク,-1
12464,グ,-1
12465,ケ,-1
12466,ゲ,-1
12467,コ,-1
12468,ゴ,-1
12469,サ,-1
12470,ザ,-1
12471,シ,-1
12472,ジ,-1
12473,ス,-1
12474,ズ,-1
12475,セ,-1
12476,ゼ,-1
12477,ソ,-1
12478,ゾ,-1
12479,タ,-1
12480,ダ,-1
12481,チ,-1
12482,ヂ,-1
12483,ッ,-1
12484,ツ,-1
12485,ヅ,-1
12486,テ,-1
12487,デ,-1
12488,ト,-1
12489,ド,-1
12490,ナ,-1
12491,ニ,-1
12492,ヌ,-1
12493,ネ,-1
12494,ノ,-1
12495,ハ,-1
12496,バ,-1
12497,パ,-1
12498,ヒ,-1
12499,ビ,-1
12500,ピ,-1
12501,フ,-1
12502,ブ,-1
12503,プ,-1
12504,ヘ,-1
12505,ベ,-1
12506,ペ,-1
12507,ホ,-1
12508,ボ,-1
12509,ポ,-1
12510,マ,-1
12511,ミ,-1
12512,ム,-1
12513,メ,-1
12514,モ,-1
12515,ャ,-1
12516,ヤ,-1
12517,ュ,-1
12518,ユ,-1
12519,ョ,-1
12520,ヨ,-1
12521,ラ,-1
12522,リ,-1
12523,ル,-1
12524,レ,-1
12525,ロ,-1
12526,ヮ,-1
12527,ワ,-1
12528,ヰ,-1
12529,ヱ,-1
12530,ヲ,-1
12531,ン,-1
12532,ヴ,-1
12533,ヵ,-1
12534,ヶ,-1
12535,ヷ,4
12536,ヸ,4
12537,ヹ,4
12538,ヺ,4
12539,・,-1
12540,ー,-1
12541,ヽ,-1
12542,ヾ,-1
12543,ヿ,-1
19968,一,-1
19969,丁,-1
19971,七,-1
19975,万,-1
19976,丈,-1
19977,三,-1
19978,上,-1
19979,下,-1
19981,不,-1
19982,与,-1
19985,丑,-1
19988,且,-1
19990,世,-1
19992,丘,-1
19993,丙,-1
19998,丞,-1
20001,両,-1
20006,並,-1
20013,中,-1
20018,串,-1
20024,丸,-1
20025,丹,-1
20027,主,-1
20028,丼,-1
20035,乃,-1
20037,久,-1
20043,之,-1
20046,乎,-1
20047,乏,-1
20055,乗,-1
20057,乙,-1
20061,九,-1
20062,乞,-1
20063,也,-1
20081,乱,-1
20083,乳,4
20094,乾,4
20096,亀,-1
20102,了,4
20104,予,-1
20105,争,-1
20107,事,-1
20108,二,-1
20113,云,-1
20114,互,-1
20116,五,-1
20117,井,-1
20120,亘,-1
20123,些,-1
20124,亜,-1
20129,亡,-1
20132,交,-1
20133,亥,-1
20134,亦,-1
20136,亨,-1
20139,享,-1
20140,京,-1
20141,亭,-1
20142,亮,-1
20154,人,-1
20161,仁,-1
20170,今,-1
20171,介,-1
20175,仏,-1
20180,仔,-1
20181,仕,-1
20182,他,-1
20184,付,-1
20185,仙,-1
20195,代,-1
20196,令,-1
20197,以,-1
20206,仮,-1
20208,仰,-1
20210,仲,-1
20214,件,-1
20219,任,-1
20225,企,-1
20234,伊,-1
20237,伍,-1
20238,伎,-1
20239,伏,-1
20240,伐,-1
20241,休,-1
20250,会,-1
20253,伝,-1
20271,伯,-1
20276,伴,-1
20278,伶,-1
20280,伸,-1
20282,伺,-1
20284,似,-1
20285,伽,-1
20291,佃,-1
20294,但,-1
20301,位,-1
20302,低,-1
20303,住,-1
20304,佐,-1
20305,佑,-1
20307,体,-1
20309,何,-1
20313,余,-1
20316,作,-1
20339,佳,-1
20341,併,-1
20351,使,-1
20355,侃,-1
20358,來,-1
20363,例,-1
20365,侍,-1
20369,侑,-1
20379,供,-1
20381,依,-1
20385,価,-1
20398,侮,4
20399,侯,-1
20405,侵,-1
20406,侶,-1
20415,便,-1
20418,係,-1
20419,促,-1
20420,俄,-1
20426,俊,-1
20432,俐,-1
20439,俗,-1
20445,保,-1
20448,俠,-1
20449,信,-1
20451,俣,-1
20462,修,-1
20465,俱,-1
20467,俳,-1
20469,俵,-1
20472,俸,-1
20474,俺,-1
20489,倉,-1
20491,個,-1
20493,倍,-1
20498,倒,-1
20502,倖,-1
20505,候,-1
20511,借,-1
20515,倣,-1
20516,値,-1
20518,倦,-1
20523,倫,-1
20525,倭,-1
20537,倹,-1
20553,偉,-1
20559,偏,-1
20572,停,-1
20581,健,-1
20594,偲,-1
20596,側,-1
20597,偵,-1
20598,偶,-1
20605,偽,-1
20621,傍,-1
20625,傑,-1
20632,傘,-1
20633,備,-1
20652,催,-1
20653,傭,-1
20658,傲,-1
20661,債,-1
20663,傷,-1
20670,傾,-1
20677,僅,-1
20685,働,-1
20687,像,-1
20693,僕,-1
20698,僚,-1
20711,僧,-1
20736,儀,-1
20740,億,-1
20754,儒,-1
20767,償,-1
20778,優,-1
20786,儲,-1
20801,允,-1
20803,元,-1
20804,兄,-1
20805,充,-1
20806,兆,-1
20808,先,-1
20809,光,-1
20811,克,-1
20813,免,-1
20814,兎,-1
20816,児,-1
20826,党,-1
20828,兜,-1
20837,入,-1
20840,全,-1
20843,八,-1
20844,公,-1
20845,六,-1
20849,共,-1
20853,兵,-1
20854,其,-1
20855,具,-1
20856,典,-1
20860,兼,-1
20869,内,-1
20870,円,-1
20874,冊,-1
20877,再,-1
20882,冒,-1
20887,冗,-1
20889,写,-1
20896,冠,-1
20901,冥,-1
20904,冨,-1
20908,冬,-1
20916,冴,-1
20918,冶,-1
20919,冷,-1
20932,凄,-1
20934,准,-1
20940,凌,-1
20941,凍,-1
20956,凜,-1
20957,凝,-1
20961,凡,-1
20966,処,-1
20967,凧,-1
20970,凪,-1
20976,凰,-1
20977,凱,-1
20982,凶,-1
20984,凸,-1
20985,凹,-1
20986,出,-1
20989,函,-1
20992,刀,-1
20995,刃,-1
20998,分,-1
20999,切,-1
21000,刈,-1
21002,刊,-1
21009,刑,-1
21015,列,-1
21021,初,-1
21028,判,-1
21029,別,-1
21033,利,-1
21040,到,-1
21046,制,-1
21047,刷,-1
21048,券,-1
21049,刹,-1
21050,刺,4
21051,刻,-1
21063,則,-1
21066,削,-1
21069,前,-1
21078,剖,-1
21083,剛,-1
21085,剝,-1
21091,剣,-1
21092,剤,-1
21103,副,-1
21104,剰,-1
21106,割,4
21109,創,-1
21127,劇,-1
21129,劉,-1
21147,力,-1
21151,功,-1
21152,加,-1
21155,劣,-1
21161,助,-1
21162,努,-1
21163,劫,-1
21169,励,-1
21172,労,-1
21177,効,-1
21182,劾,-1
21185,勁,-1
21187,勃,-1
21189,勅,-1
21191,勇,-1
21193,勉,-1
21205,動,-1
21208,勘,-1
21209,務,-1
21213,勝,-1
21215,募,-1
21218,勢,-1
21220,勤,-1
21223,勧,-1
21234,勲,-1
21242,勺,-1
21246,勾,-1
21247,勿,-1
21249,匁,4
21250,匂,-1
21253,包,-1
21270,化,-1
21271,北,-1
21280,匠,-1
21281,匡,-1
21305,匹,-1
21306,区,-1
21307,医,-1
21311,匿,-1
21313,十,-1
21315,千,-1
21319,升,-1
21320,午,-1
21322,半,-1
21329,卑,-1
21330,卒,-1
21331,卓,-1
21332,協,-1
21335,南,-1
21336,単,-1
21338,博,-1
21340,卜,-1
21344,占,-1
21359,卯,-1
21360,印,-1
21361,危,-1
21363,即,-1
21364,却,-1
21365,卵,-1
21368,卸,-1
21375,卿,-1
21380,厄,-1
21400,厘,-1
21402,厚,-1
21407,原,-1
21416,厨,-1
21417,厩,-1
21427,厳,-1
21435,去,-1
21442,参,-1
21448,又,-1
21449,叉,-1
21450,及,-1
21451,友,-1
21452,双,-1
21453,反,-1
21454,収,-1
21460,叔,-1
21462,取,-1
21463,受,-1
21465,叙,-1
21473,叡,-1
21474,叢,-1
21475,口,-1
21476,古,-1
21477,句,-1
21482,只,-1
21483,叫,-1
21484,召,-1
21487,可,-1
21488,台,-1
21490,史,-1
21491,右,-1
21494,叶,-1
21495,号,-1
21496,司,-1
21508,各,-1
21512,合,-1
21513,吉,-1
21516,同,-1
21517,名,-1
21518,后,-1
21519,吏,-1
21520,吐,-1
21521,向,-1
21531,君,-1
21534,吞,-1
21535,吟,-1
21542,否,-1
21547,含,-1
21560,吸,-1
21561,吹,-1
21563,吻,4
21566,吾,-1
21570,呂,-1
21576,呈,-1
21577,呉,-1
21578,告,-1
21608,周,-1
21610,呪,-1
21619,味,-1
21628,呼,-1
21629,命,-1
21644,和,-1
21682,咲,-1
21693,咽,-1
21696,哀,-1
21697,品,-1
21705,哉,-1
21729,員,-1
21736,哨,-1
21737,哩,-1
21746,哲,-1
21754,哺,-1
21764,唄,-1
21766,唆,-1
21767,唇,-1
21776,唐,-1
21807,唯,-1
21809,唱,-1
21822,唾,-1
21828,啄,-1
21830,商,-1
21839,問,-1
21843,啓,-1
21892,善,-1
21897,喉,-1
21899,喋,-1
21914,喚,-1
21916,喜,-1
21917,喝,-1
21927,喧,-1
21929,喩,-1
21930,喪,-1
21931,喫,-1
21932,喬,-1
21936,喰,-1
21942,営,-1
21957,嗅,-1
21987,嗣,-1
22022,嘆,-1
22025,嘉,-1
22039,嘗,-1
22057,嘩,-1
22065,嘱,-1
22066,嘲,-1
22082,噂,-1
22092,噌,-1
22120,器,-1
22132,噴,-1
22151,嚇,-1
22234,囚,-1
22235,四,-1
22238,回,-1
22240,因,-1
22243,団,-1
22256,困,-1
22258,囲,-1
22259,図,-1
22266,固,-1
22269,国,-1
22275,圃,-1
22287,圏,-1
22290,園,-1
22303,土,-1
22311,圧,-1
22312,在,-1
22317,圭,-1
22320,地,-1
22338,坂,-1
22343,均,-1
22346,坊,-1
22352,坐,-1
22353,坑,-1
22374,坦,-1
22378,坪,-1
22402,垂,-1
22411,型,-1
22435,垣,-1
22475,埋,-1
22478,城,-1
22495,域,-1
22516,埴,-1
22519,執,-1
22521,培,-1
22522,基,-1
22524,埼,-1
22528,堀,-1
22530,堂,-1
22533,堅,-1
22534,堆,-1
22549,堕,-1
22564,堤,-1
22570,堪,-1
22576,堰,-1
22577,報,-1
22580,場,-1
22581,堵,-1
22586,堺,-1
22592,塀,-1
22593,塁,-1
22602,塊,-1
22609,塑,-1
22612,塔,-1
22615,塗,-1
22617,塙,4
22618,塚,-1
22622,塞,-1
22625,塡,4
22633,塩,-1
22654,塾,-1
22659,境,-1
22675,墓,-1
22679,増,-1
22684,墜,-1
22696,墨,-1
22707,墳,-1
22718,墾,-1
22721,壁,-1
22727,壇,-1
22730,壊,-1
22732,壌,-1
22741,壕,-1
22763,士,-1
22764,壬,-1
22766,壮,-1
22768,声,-1
22769,壱,-1
22770,売,-1
22793,変,-1
22799,夏,-1
22805,夕,-1
22806,外,-1
22810,多,-1
22812,夜,-1
22818,夢,-1
22823,大,-1
22825,天,-1
22826,太,-1
22827,夫,-1
22830,央,-1
22833,失,-1
22839,夷,-1
22852,奄,-1
22855,奇,-1
22856,奈,-1
22857,奉,-1
22862,奎,-1
22863,奏,-1
22865,契,-1
22868,奔,-1
22871,套,-1
22885,奥,-1
22888,奨,-1
22890,奪,-1
22894,奮,-1
22899,女,-1
22900,奴,-1
22909,好,-1
22914,如,-1
22915,妃,-1
22916,妄,-1
22922,妊,-1
22934,妖,-1
22937,妙,-1
22949,妥,-1
22952,妨,-1
22956,妬,-1
22969,妹,-1
22971,妻,-1
22985,姉,-1
22987,始,-1
22995,姓,-1
22996,委,-1
23013,姥,-1
23018,姪,-1
23019,姫,-1
23035,姻,-1
23039,姿,-1
23041,威,-1
23043,娃,-1
23064,娘,-1
23072,娠,-1
23081,娩,-1
23087,娯,-1
23110,婆,-1
23130,婚,-1
23142,婦,-1
23167,婿,-1
23186,媒,-1
23195,媛,-1
23233,嫁,-1
23241,嫉,-1
23244,嫌,-1
23265,嫡,-1
23305,嬉,-1
23330,嬢,-1
23376,子,-1
23380,孔,-1
23383,字,-1
23384,存,-1
23388,孜,-1
23389,孝,-1
23391,孟,-1
23395,季,-1
23396,孤,4
23398,学,-1
23403,孫,-1
23429,宅,-1
23431,宇,-1
23432,守,-1
23433,安,-1
23435,宋,-1
23436,完,-1
23439,宏,-1
23445,宕,-1
23447,宗,-1
23448,官,-1
23449,宙,-1
23450,定,-1
23451,宛,-1
23452,宜,-1
23453,宝,-1
23455,実,-1
23458,客,-1
23459,宣,-1
23460,室,-1
23461,宥,-1
23470,宮,-1
23472,宰,4
23475,害,-1
23476,宴,-1
23477,宵,-1
23478,家,-1
23481,容,-1
23487,宿,-1
23490,寂,-1
23492,寄,-1
23493,寅,-1
23494,密,-1
23500,富,-1
23506,寒,-1
23507,寓,-1
23515,寛,-1
23517,寝,-1
23519,察,-1
23521,寡,-1
23527,寧,-1
23529,審,-1
23534,寮,-1
23541,寵,-1
23544,寸,-1
23546,寺,-1
23550,対,-1
23551,寿,-1
23553,封,-1
23554,専,-1
23556,射,4
23558,将,-1
23561,尉,-1
23562,尊,-1
23563,尋,-1
23566,導,-1
23567,小,-1
23569,少,-1
23574,尖,-1
23578,尚,-1
23588,尤,-1
23597,尭,4
23601,就,-1
23610,尺,-1
23611,尻,4
23612,尼,-1
23613,尽,-1
23614,尾,-1
23615,尿,4
23616,局,-1
23621,居,-1
23624,屈,-1
23626,届,-1
23627,屋,-1
23633,屑,-1
23637,展,-1
23646,属,-1
23652,層,-1
23653,履,-1
23663,屯,-1
23665,山,-1
23696,岐,-1
23713,岡,-1
23721,岩,-1
23724,岬,-1
23731,岳,-1
23736,岸,-1
23776,峠,-1
23777,峡,-1
23784,峨,-1
23792,峰,-1
23798,島,-1
23803,峻,-1
23815,崇,-1
23822,崎,-1
23830,崖,-1
23834,崚,4
23849,崩,-1
23888,嵐,-1
23913,嵩,-1
23919,嵯,-1
23947,嶋,-1
23994,嶺,-1
24012,巌,4
24029,川,-1
24030,州,-1
24033,巡,-1
24035,巣,-1
24037,工,-1
24038,左,-1
24039,巧,-1
24040,巨,-1
24043,巫,-1
24046,差,-1
24049,己,-1
24050,已,-1
24051,巳,-1
24052,巴,-1
24055,巷,-1
24059,巻,-1
24061,巽,-1
24062,巾,-1
24066,市,-1
24067,布,-1
24070,帆,-1
24076,希,-1
24086,帖,-1
24093,帝,-1
24101,帥,-1
24107,師,-1
24109,席,-1
24111,帯,-1
24112,帰,-1
24115,帳,-1
24120,常,-1
24125,帽,-1
24133,幅,-1
24140,幌,-1
24149,幕,-1
24161,幡,-1
24163,幣,-1
24178,干,-1
24179,平,-1
24180,年,-1
24184,幸,-1
24185,幹,-1
24187,幻,-1
24188,幼,-1
24189,幽,-1
24190,幾,-1
24193,庁,-1
24195,広,-1
24196,庄,-1
24199,庇,-1
24202,床,-1
24207,序,-1
24213,底,-1
24215,店,-1
24218,庚,-1
24220,府,-1
24230,度,-1
24231,座,-1
24235,庫,-1
24237,庭,-1
24245,庵,-1
24246,庶,-1
24247,康,-1
24248,庸,-1
24259,廃,-1
24265,廉,-1
24266,廊,-1
24287,廟,-1
24291,廣,-1
24310,延,-1
24311,廷,-1
24314,建,-1
24315,廻,-1
24319,廿,-1
24321,弁,-1
24324,弄,-1
24330,弊,-1
24335,式,-1
24336,弐,-1
24339,弓,-1
24340,弔,-1
24341,引,-1
24344,弘,-1
24347,弛,-1
24351,弟,-1
24357,弥,-1
24358,弦,-1
24359,弧,-1
24369,弱,-1
24373,張,-1
24375,強,-1
24382,弾,-1
24403,当,-1
24407,彗,-1
24409,彙,-1
24418,形,-1
24422,彦,-1
24425,彩,-1
24426,彪,-1
24427,彫,-1
24428,彬,-1
24432,彰,-1
24433,影,-1
24441,役,-1
24444,彼,-1
24448,往,-1
24449,征,-1
24452,径,-1
24453,待,-1
24459,律,-1
24460,後,-1
24464,徐,-1
24466,徒,-1
24467,従,-1
24471,得,-1
24480,徠,-1
24481,御,-1
24489,復,-1
24490,循,-1
24494,微,-1
24499,徳,-1
24500,徴,-1
24505,徹,-1
24509,徽,-1
24515,心,-1
24517,必,-1
24524,忌,-1
24525,忍,-1
24535,志,-1
24536,忘,-1
24537,忙,-1
24540,応,-1
24544,忠,-1
24555,快,-1
24565,念,-1
24573,忽,-1
24594,怒,-1
24598,怖,-1
24604,怜,-1
24605,思,-1
24608,怠,-1
24613,急,-1
24615,性,4
24616,怨,-1
24618,怪,-1
24651,恋,-1
24656,恐,-1
24658,恒,-1
24661,恕,-1
24674,恢,-1
24675,恣,-1
24677,恥,-1
24680,恨,-1
24681,恩,-1
24685,恭,-1
24687,息,-1
24688,恰,-1
24693,恵,-1
24713,悉,-1
24716,悌,-1
24724,悔,-1
24735,悟,-1
24736,悠,-1
24739,患,-1
24742,悦,-1
24745,悩,-1
24746,悪,-1
24754,悲,-1
24764,悼,-1
24773,情,-1
24775,惇,-1
24785,惑,-1
24794,惚,-1
24796,惜,-1
24799,惟,-1
24803,惣,-1
24807,惧,-1
24808,惨,-1
24816,惰,-1
24819,想,-1
24825,惹,-1
24826,惺,-1
24833,愁,-1
24841,愉,-1
24847,意,-1
24858,愚,4
24859,愛,-1
24863,感,-1
24900,慄,-1
24904,慈,-1
24907,態,-1
24908,慌,-1
24910,慎,-1
24917,慕,-1
24930,慢,-1
24931,慣,-1
24935,慧,-1
24936,慨,-1
24942,慮,-1
24944,慰,-1
24950,慶,-1
24962,憂,-1
24974,憎,-1
24976,憐,-1
24996,憤,-1
24999,憧,-1
25001,憩,-1
25004,憬,-1
25010,憲,-1
25014,憶,-1
25022,憾,-1
25031,懇,-1
25033,應,-1
25040,懐,-1
25074,懲,-1
25080,懸,-1
25098,戊,-1
25104,成,-1
25105,我,-1
25106,戒,-1
25110,或,-1
25114,戚,-1
25119,戟,-1
25126,戦,-1
25135,戯,-1
25140,戴,-1
25144,戸,-1
25147,戻,-1
25151,房,-1
25152,所,-1
25159,扇,-1
25161,扉,-1
25163,手,-1
25165,才,-1
25171,打,-1
25173,払,-1
25176,托,-1
25201,扱,-1
25206,扶,-1
25209,批,-1
25215,承,-1
25216,技,-1
25220,抄,-1
25226,把,-1
25233,抑,-1
25237,投,-1
25239,抗,-1
25240,折,-1
25244,抜,-1
25246,択,-1
25259,披,-1
25265,抱,-1
25269,抵,-1
25273,抹,-1
25276,押,-1
25277,抽,-1
25285,担,-1
25289,拉,-1
25293,拍,-1
25296,拐,-1
25298,拒,-1
25299,拓,-1
25304,拘,-1
25305,拙,-1
25307,招,-1
25309,拝,-1
25312,拠,-1
25313,拡,-1
25324,括,-1
25325,拭,-1
25331,拳,-1
25334,拶,-1
25335,拷,-1
25342,拾,-1
25345,持,-1
25351,指,-1
25353,按,-1
25361,挑,-1
25369,挙,-1
25375,挟,-1
25384,挨,-1
25387,挫,-1
25391,振,-1
25402,挺,-1
25405,挽,-1
25407,挿,-1
25417,捉,-1
25429,捕,-1
25431,捗,-1
25436,捜,-1
25447,捧,-1
25448,捨,-1
25454,据,-1
25458,捲,-1
25463,捷,-1
25466,捺,-1
25467,捻,-1
25475,掃,-1
25480,授,-1
25484,掌,-1
25490,排,-1
25496,掘,-1
25499,掛,-1
25504,掠,-1
25505,採,-1
25506,探,-1
25509,接,-1
25511,控,-1
25512,推,-1
25514,措,-1
25516,掬,-1
25522,掲,-1
25539,揃,-1
25551,描,-1
25552,提,-1
25562,揚,-1
25563,換,-1
25569,握,-1
25582,揮,-1
25588,援,-1
25594,揺,-1
25613,損,-1
25644,搬,-1
25645,搭,-1
25658,携,-1
25662,搾,-1
25666,摂,-1
25681,摑,-1
25688,摘,-1
25705,摩,-1
25711,摯,-1
25722,摺,-1
25731,撃,-1
25746,撒,-1
25758,撞,4
25764,撤,-1
25771,撫,-1
25773,播,-1
25774,撮,-1
25776,撰,-1
25778,撲,-1
25793,擁,-1
25805,操,4
25826,擢,-1
25830,擦,-1
25836,擬,-1
25903,支,-1
25913,改,-1
25915,攻,-1
25918,放,-1
25919,政,-1
25925,故,-1
25935,敏,-1
25937,救,-1
25943,敗,-1
25945,教,-1
25954,敢,-1
25955,散,-1
25958,敦,-1
25964,敬,-1
25968,数,-1
25972,整,-1
25973,敵,-1
25975,敷,-1
25991,文,-1
25993,斉,-1
25998,斎,-1
26000,斐,-1
26001,斑,-1
26007,斗,-1
26009,料,-1
26012,斜,-1
26017,斡,-1
26020,斤,-1
26021,斥,-1
26023,斧,-1
26028,斬,4
26029,断,-1
26031,斯,-1
26032,新,-1
26041,方,-1
26044,於,-1
26045,施,-1
26053,旅,-1
26059,旋,-1
26063,族,-1
26071,旗,-1
26082,既,-1
26085,日,-1
26086,旦,-1
26087,旧,-1
26088,旨,-1
26089,早,-1
26092,旬,-1
26093,旭,-1
26106,旺,-1
26114,昂,-1
26118,昆,-1
26119,昇,-1
26122,昊,-1
26124,昌,-1
26126,明,-1
26127,昏,-1
26131,易,-1
26132,昔,-1
26143,星,-1
26144,映,-1
26149,春,-1
26151,昧,-1
26152,昨,-1
26157,昭,-1
26159,是,-1
26164,昴,-1
26172,昼,-1
26178,時,-1
26179,晃,-1
26180,晄,4
26187,晋,-1
26191,晏,-1
26194,晒,-1
26207,晟,-1
26214,晦,-1
26216,晨,-1
26217,晩,-1
26222,普,-1
26223,景,-1
26228,晴,-1
26230,晶,-1
26234,智,-1
26241,暁,-1
26247,暇,-1
26249,暉,-1
26257,暑,-1
26262,暖,-1
26263,暗,-1
26274,暢,-1
26278,暦,-1
26283,暫,-1
26286,暮,-1
26292,暴,-1
26311,曇,-1
26326,曖,-1
26329,曙,-1
26332,曜,-1
26333,曝,-1
26354,曲,-1
26355,曳,-1
26356,更,-1
26360,書,-1
26361,曹,-1
26365,曽,-1
26367,替,-1
26368,最,-1
26376,月,-1
26377,有,-1
26379,朋,-1
26381,服,-1
26388,朔,-1
26389,朕,-1
26391,朗,-1
26395,望,-1
26397,朝,-1
26399,期,-1
26408,木,-1
26410,未,-1
26411,末,-1
26412,本,-1
26413,札,-1
26417,朱,-1
26420,朴,-1
26426,机,-1
26429,朽,-1
26441,杉,-1
26446,李,-1
26447,杏,-1
26448,材,-1
26449,村,-1
26454,杖,-1
26460,杜,-1
26463,束,-1
26465,条,-1
26469,来,-1
26477,杭,-1
26479,杯,-1
26481,東,-1
26485,杵,-1
26487,杷,-1
26494,松,-1
26495,板,-1
26503,枇,-1
26512,析,-1
26517,枕,-1
26519,林,-1
26522,枚,-1
26524,果,-1
26525,枝,-1
26528,枠,-1
26530,枢,-1
26543,枯,-1
26550,架,-1
26564,柄,-1
26570,柊,-1
26575,柏,-1
26576,某,4
26577,柑,-1
26579,染,-1
26580,柔,-1
26584,柘,-1
26586,柚,-1
26609,柱,-1
26611,柳,-1
26612,柴,-1
26613,柵,-1
26619,査,-1
26622,柾,-1
26623,柿,-1
26627,栃,-1
26628,栄,-1
26643,栓,-1
26646,栖,-1
26647,栗,-1
26654,栞,-1
26657,校,-1
26666,株,-1
26680,核,-1
26681,根,-1
26684,格,-1
26685,栽,-1
26689,桁,-1
26690,桂,-1
26691,桃,-1
26696,案,-1
26704,桐,-1
26705,桑,-1
26708,桔,-1
26716,桜,-1
26719,桟,-1
26727,桧,-1
26742,桶,-1
26753,梁,-1
26757,梅,-1
26771,梓,-1
26775,梗,-1
26779,梛,4
26786,梢,-1
26791,梧,-1
26792,梨,-1
26799,梯,-1
26800,械,-1
26806,梶,-1
26820,棄,-1
26827,棋,-1
26834,棒,-1
26842,棚,-1
26847,棟,-1
26862,森,-1
26866,棲,-1
26874,棺,-1
26880,椀,-1
26885,椅,-1
26891,椋,-1
26893,植,-1
26894,椎,-1
26907,椛,4
26908,検,-1
26928,椰,-1
26943,椿,-1
26954,楊,-1
26963,楓,-1
26965,楕,-1
26970,楚,-1
26976,楠,-1
26978,楢,4
26989,業,-1
26991,楯,-1
26997,極,-1
26999,楷,-1
27004,楼,-1
27005,楽,-1
27010,概,-1
27018,榊,-1
27022,榎,-1
27035,榛,-1
27083,構,-1
27084,槌,4
27085,槍,-1
27096,様,-1
27097,槙,-1
27131,槻,-1
27133,槽,-1
27147,樋,-1
27161,標,-1
27167,樟,-1
27169,模,-1
27177,権,-1
27178,横,-1
27179,樫,-1
27193,樹,-1
27194,樺,-1
27197,樽,-1
27211,橋,-1
27224,橘,-1
27225,橙,-1
27231,機,-1
27264,檀,-1
27278,檎,-1
27330,櫂,4
27347,櫓,-1
27355,櫛,-1
27387,櫻,-1
27396,欄,-1
27424,欠,-1
27425,次,-1
27427,欣,-1
27431,欧,-1
27442,欲,-1
27450,欺,-1
27453,欽,-1
27454,款,-1
27468,歌,-1
27470,歎,-1
27475,歓,-1
27490,止,-1
27491,正,-1
27492,此,-1
27494,武,-1
27497,歩,-1
27503,歯,-1
27507,歳,-1
27508,歴,-1
27515,死,-1
27526,殆,-1
27529,殉,-1
27530,殊,-1
27531,残,-1
27542,殖,-1
27572,殴,4
27573,段,-1
27578,殺,4
27579,殻,-1
27583,殿,-1
27584,毀,-1
27589,毅,-1
27597,母,-1
27598,毎,-1
27602,毒,-1
27604,比,-1
27608,毘,-1
27611,毛,-1
27628,毬,-1
27663,氏,-1
27665,民,-1
27671,気,-1
27683,氣,-1
27700,水,-1
27703,氷,-1
27704,永,-1
27710,氾,-1
27712,汀,-1
27713,汁,-1
27714,求,-1
27726,汎,-1
27728,汐,-1
27735,汗,-1
27738,汚,-1
27741,汝,-1
27743,江,-1
27744,池,-1
27760,汰,-1
27762,汲,-1
27770,決,-1
27773,汽,-1
27779,沃,-1
27784,沈,-1
27788,沌,-1
27795,沓,-1
27798,沖,-1
27801,沙,-1
27809,没,-1
27810,沢,-1
27819,沫,-1
27827,河,-1
27832,沸,-1
27833,油,-1
27835,治,-1
27836,沼,-1
27839,沿,-1
27841,況,-1
27849,泉,-1
27850,泊,-1
27852,泌,-1
27861,法,-1
27873,泡,-1
27874,波,-1
27875,泣,-1
27877,泥,-1
27880,注,-1
27888,泰,-1
27891,泳,-1
27915,洋,-1
27927,洗,-1
27931,洛,-1
27934,洞,-1
27941,津,-1
27946,洪,-1
27954,洲,-1
27957,洵,-1
27960,洸,-1
27963,活,-1
27966,派,-1
27969,流,-1
27972,浄,-1
27973,浅,-1
27996,浜,-1
28006,浦,-1
28009,浩,-1
28010,浪,-1
28012,浬,-1
28014,浮,-1
28020,浴,-1
28023,海,-1
28024,浸,-1
28040,消,-1
28057,涙,-1
28079,涯,-1
28082,液,-1
28092,涼,-1
28096,淀,-1
28107,淋,-1
28113,淑,-1
28129,淡,-1
28139,淫,4
28145,深,-1
28147,淳,-1
28149,淵,-1
28151,混,-1
28155,添,-1
28165,清,-1
28167,渇,-1
28168,済,-1
28169,渉,-1
28171,渋,-1
28179,渓,-1
28186,渚,-1
28187,減,-1
28193,渡,-1
28197,渥,-1
28198,渦,-1
28201,温,-1
28204,測,-1
28207,港,-1
28222,渾,-1
28234,湊,-1
28246,湖,-1
28248,湘,-1
28251,湛,-1
28263,湧,-1
28271,湯,-1
28286,湾,-1
28287,湿,-1
28288,満,-1
28304,源,-1
28310,準,-1
28316,溜,-1
28317,溝,-1
28322,溢,-1
28342,溶,-1
28346,溺,-1
28357,滅,-1
28361,滉,4
28363,滋,-1
28369,滑,-1
28381,滝,-1
28382,滞,-1
28404,滴,-1
28417,漁,-1
28418,漂,-1
28422,漆,-1
28431,漏,-1
28436,演,-1
28437,漕,-1
28448,漠,-1
28450,漢,-1
28451,漣,-1
28459,漫,-1
28460,漬,-1
28465,漱,-1
28472,漸,-1
28500,潔,-1
28508,潜,-1
28511,潟,-1
28516,潤,-1
28526,潮,-1
28528,潰,-1
28548,澄,-1
28586,澪,-1
28608,激,-1
28609,濁,-1
28611,濃,-1
28641,濡,-1
28651,濫,-1
28655,濯,-1
28693,瀕,-1
28711,瀧,-1
28716,瀬,-1
28760,灘,-1
28779,火,-1
28783,灯,-1
28784,灰,-1
28792,灸,-1
28796,灼,-1
28797,災,-1
28809,炉,-1
28810,炊,-1
28814,炎,-1
28845,炭,-1
28857,点,-1
28858,為,-1
28872,烈,-1
28879,烏,-1
28954,焚,-1
28961,無,-1
28966,焦,-1
28976,焰,-1
28982,然,-1
28988,焼,-1
29001,煉,-1
29004,煌,-1
29006,煎,-1
29017,煙,-1
29028,煤,-1
29031,照,-1
29033,煩,-1
29038,煮,-1
29066,熊,-1
29081,熙,-1
29087,熟,-1
29105,熱,-1
29123,燃,-1
29128,燈,-1
29134,燎,-1
29141,燕,-1
29157,燥,-1
29158,燦,-1
29165,燭,-1
29183,燿,-1
29190,爆,-1
29226,爪,-1
29237,爵,-1
29238,父,-1
29245,爽,-1
29246,爾,-1
29255,片,-1
29256,版,-1
29266,牒,-1
29273,牙,-1
29275,牛,-1
29279,牟,-1
29281,牡,-1
29287,牧,-1
29289,物,-1
29298,牲,-1
29305,特,-1
29309,牽,-1
29312,犀,-1
29344,犠,-1
29356,犬,-1
29359,犯,-1
29366,状,-1
29378,狂,-1
29401,狙,-1
29417,狩,-1
29420,独,-1
29421,狭,-1
29436,狼,-1
29467,猛,-1
29471,猟,-1
29482,猪,-1
29483,猫,-1
29486,献,-1
29494,猶,-1
29503,猿,-1
29508,獄,-1
29509,獅,-1
29539,獣,-1
29554,獲,-1
29572,玄,-1
29575,率,-1
29577,玉,-1
29579,王,-1
29590,玖,-1
29609,玩,-1
29618,玲,-1
29632,珀,-1
29634,珂,-1
29640,珈,-1
29642,珊,-1
29645,珍,-1
29664,珠,-1
29677,班,-1
29694,現,-1
29699,球,-1
29702,理,-1
29705,琉,-1
29730,琢,-1
29733,琥,-1
29747,琳,-1
29748,琴,-1
29749,琵,-1
29750,琶,-1
29786,瑚,-1
29787,瑛,-1
29790,瑞,-1
29792,瑠,-1
29811,瑳,-1
29814,瑶,-1
29827,璃,-1
29863,璧,-1
29872,環,-1
29885,璽,-1
29916,瓜,-1
29922,瓢,-1
29926,瓦,-1
29942,瓶,-1
29976,甘,-1
29978,甚,-1
29983,生,-1
29987,産,-1
29989,甥,-1
29992,用,-1
29995,甫,-1
30000,田,-1
30001,由,-1
30002,甲,4
30003,申,-1
30007,男,-1
30010,町,-1
30011,画,-1
30028,界,-1
30031,畏,-1
30033,畑,-1
30036,畔,-1
30041,留,-1
30044,畜,-1
30045,畝,-1
30048,畠,-1
30050,畢,-1
30053,略,-1
30058,番,-1
30064,異,-1
30067,畳,-1
30079,畿,-1
30091,疋,4
30094,疎,-1
30095,疏,-1
30097,疑,-1
30123,疫,-1
30130,疲,-1
30142,疾,-1
30149,病,-1
30151,症,-1
30165,痕,-1
30168,痘,-1
30171,痛,-1
30178,痢,-1
30185,痩,-1
30196,痴,-1
30221,瘍,-1
30274,療,-1
30290,癒,-1
30294,癖,-1
30330,発,-1
30331,登,-1
30333,白,-1
30334,百,-1
30340,的,-1
30342,皆,-1
30343,皇,-1
30352,皐,4
30355,皓,-1
30382,皮,-1
30399,皿,-1
30406,盆,-1
30410,益,-1
30423,盗,-1
30427,盛,-1
30431,盟,-1
30435,監,-1
30436,盤,-1
30446,目,-1
30450,盲,4
30452,直,-1
30456,相,-1
30462,盾,-1
30465,省,-1
30473,眉,-1
30475,看,-1
30476,県,-1
30495,真,-1
30496,眠,-1
30520,眸,-1
30522,眺,-1
30524,眼,-1
30528,着,-1
30561,睡,-1
30563,督,-1
30566,睦,-1
30629,瞥,-1
30636,瞬,-1
30637,瞭,-1
30643,瞳,-1
30683,矛,-1
30690,矢,-1
30693,知,-1
30697,矩,-1
30701,短,-1
30703,矯,-1
30707,石,-1
30722,砂,-1
30740,研,-1
30741,砕,-1
30757,砥,-1
30758,砦,-1
30759,砧,-1
30770,砲,-1
30772,破,-1
30813,硝,-1
30827,硫,-1
30828,硬,-1
30831,硯,-1
30849,碁,-1
30865,碑,-1
30867,碓,4
30871,碗,-1
30887,碧,-1
30889,碩,-1
30906,確,-1
30913,磁,-1
30928,磐,-1
30952,磨,-1
30959,磯,-1
30977,礁,-1
30990,礎,-1
31034,示,-1
31036,礼,-1
31038,社,-1
31041,祁,-1
31047,祇,-1
31048,祈,-1
31049,祉,-1
31056,祐,-1
31062,祖,-1
31069,祝,-1
31070,神,-1
31074,祢,-1
31077,祥,-1
31080,票,-1
31085,祭,-1
31095,祷,-1
31105,禁,-1
31108,禄,-1
31109,禅,-1
31117,禍,-1
31118,禎,-1
31119,福,-1
31165,禽,-1
31166,禾,-1
31168,秀,-1
31169,私,-1
31179,秋,-1
31185,科,-1
31186,秒,-1
31192,秘,-1
31199,租,-1
31204,秤,-1
31206,秦,-1
31209,秩,-1
31216,称,-1
31227,移,-1
31232,稀,-1
31243,程,-1
31246,税,-1
31252,稔,-1
31258,稚,-1
31260,稜,-1
31263,稟,-1
31278,種,-1
31282,稲,-1
31292,稼,-1
31293,稽,-1
31295,稿,-1
31296,穀,-1
31298,穂,-1
31309,積,-1
31311,穏,-1
31331,穣,-1
31339,穫,-1
31348,穴,-1
31350,究,-1
31353,穹,-1
31354,空,-1
31359,穿,-1
31361,突,-1
31363,窃,4
31364,窄,-1
31378,窒,-1
31379,窓,-1
31391,窟,-1
31402,窪,-1
31406,窮,-1
31407,窯,-1
31418,窺,-1
31435,立,-1
31452,竜,-1
31456,章,-1
31459,竣,-1
31461,童,-1
31466,竪,4
31471,端,-1
31478,競,-1
31481,竹,-1
31482,竺,-1
31487,竿,-1
31496,笈,-1
31505,笑,-1
31513,笙,-1
31515,笛,-1
31520,笠,-1
31526,符,-1
31532,第,-1
31545,笹,-1
31558,筆,-1
31560,筈,-1
31561,等,-1
31563,筋,-1
31569,筑,-1
31570,筒,-1
31572,答,-1
31574,策,-1
31623,箇,-1
31627,箋,-1
31636,箔,-1
31637,箕,-1
31639,算,-1
31649,管,-1
31665,箱,-1
31672,箸,-1
31680,節,-1
31684,範,-1
31687,篇,-1
31689,築,-1
31712,篠,-1
31716,篤,-1
31774,簞,4
31777,簡,-1
31806,簾,-1
31807,簿,-1
31821,籍,-1
31840,籠,-1
31859,米,-1
31870,籾,-1
31881,粉,-1
31883,粋,-1
31890,粒,-1
31895,粗,-1
31896,粘,-1
31899,粛,-1
31903,粟,-1
31909,粥,-1
31911,粧,-1
31934,精,-1
31946,糊,-1
31958,糖,-1
31975,糧,-1
31992,糸,-1
31995,系,-1
31998,糾,-1
32000,紀,-1
32004,約,-1
32005,紅,-1
32011,紋,-1
32013,納,-1
32016,紐,-1
32020,純,-1
32023,紗,-1
32024,紘,-1
32025,紙,-1
32026,級,-1
32027,紛,-1
32032,素,-1
32033,紡,-1
32034,索,-1
32043,紫,-1
32044,紬,-1
32047,累,-1
32048,細,-1
32051,紳,-1
32057,紹,-1
32058,紺,-1
32066,終,-1
32067,絃,-1
32068,組,-1
32070,絆,-1
32076,経,-1
32080,結,-1
32094,絞,-1
32097,絡,-1
32098,絢,-1
32102,給,-1
32113,統,-1
32117,絵,-1
32118,絶,-1
32121,絹,-1
32153,継,-1
32154,続,-1
32156,綜,-1
32173,維,-1
32177,綱,-1
32178,網,-1
32180,綴,-1
32184,綸,-1
32186,綺,-1
32187,綻,-1
32190,綾,-1
32191,綿,-1
32202,緊,-1
32203,緋,-1
32207,総,-1
32209,緑,-1
32210,緒,-1
32218,線,-1
32224,締,-1
32232,編,-1
32233,緩,-1
32239,緯,-1
32244,練,-1
32251,緻,-1
32257,縁,-1
32260,縄,-1
32283,縛,-1
32286,縞,-1
32294,縦,-1
32299,縫,-1
32302,縮,-1
32318,績,-1
32321,繁,-1
32330,繊,-1
32340,織,-1
32341,繕,-1
32353,繡,-1
32363,繫,-1
32365,繭,-1
32368,繰,-1
32386,纂,-1
32399,纏,-1
32566,缶,-1
32618,罪,-1
32622,置,-1
32624,罰,-1
32626,署,-1
32629,罵,-1
32631,罷,-1
32645,羅,-1
32650,羊,-1
32654,美,-1
32666,羚,-1
32670,羞,-1
32676,群,-1
32680,羨,-1
32681,義,-1
32701,羽,-1
32705,翁,-1
32716,翌,-1
32722,習,-1
32724,翔,-1
32736,翠,-1
32763,翻,-1
32764,翼,-1
32768,耀,-1
32769,老,-1
32771,考,-1
32773,者,-1
32780,而,-1
32784,耐,-1
32789,耕,-1
32791,耗,-1
32819,耳,-1
32822,耶,-1
32829,耽,-1
32854,聖,-1
32862,聞,-1
32865,聡,-1
32884,聴,-1
32887,職,-1
32903,肇,-1
32905,肉,-1
32907,肋,-1
32908,肌,-1
32918,肖,-1
32920,肘,-1
32925,肝,-1
32929,股,-1
32930,肢,-1
32933,肥,-1
32937,肩,-1
32938,肪,-1
32943,肯,-1
32946,育,-1
32948,肴,-1
32954,肺,-1
32963,胃,-1
32966,胆,-1
32972,背,-1
32974,胎,-1
32990,胞,-1
32993,胡,-1
32996,胤,-1
33012,胴,-1
33016,胸,-1
33021,能,-1
33026,脂,-1
33029,脅,-1
33031,脇,-1
33032,脈,-1
33034,脊,-1
33050,脚,-1
33065,脩,-1
33073,脱,-1
33075,脳,-1
33081,脹,-1
33102,腎,-1
33104,腐,-1
33108,腔,-1
33109,腕,-1
33131,腫,-1
33136,腰,-1
33144,腸,-1
33145,腹,-1
33146,腺,-1
33167,膏,-1
33178,膚,-1
33180,膜,-1
33181,膝,-1
33192,膨,-1
33203,膳,-1
33222,臆,-1
33235,臓,-1
33251,臣,-1
33253,臥,-1
33256,臨,-1
33258,自,-1
33261,臭,-1
33267,至,-1
33268,致,-1
33276,臼,-1
33288,興,-1
33292,舌,-1
33294,舎,-1
33303,舗,-1
33308,舜,-1
33310,舞,-1
33311,舟,-1
33322,航,-1
33324,般,-1
33333,舵,-1
33334,舶,-1
33335,舷,-1
33337,船,-1
33351,艇,-1
33382,艦,-1
33391,良,-1
33394,色,-1
33398,艶,-1
33419,芋,-1
33433,芙,-1
33437,芝,-1
33445,芥,-1
33446,芦,-1
33453,芭,-1
33455,芯,-1
33457,花,-1
33459,芳,-1
33464,芸,-1
33465,芹,-1
33469,芽,-1
33489,苑,-1
33492,苔,-1
33495,苗,-1
33499,苛,-1
33509,若,-1
33510,苦,-1
33521,英,-1
33530,苺,-1
33538,茂,-1
33540,茄,-1
33541,茅,-1
33545,茉,-1
33550,茎,4
33564,茜,-1
33576,茨,-1
33590,茶,-1
33592,茸,-1
33609,草,-1
33618,荒,-1
33624,荘,-1
33655,荷,-1
33659,荻,-1
33673,莉,-1
33694,莞,-1
33707,莫,-1
33733,菅,-1
33738,菊,-1
33740,菌,-1
33747,菓,-1
33750,菖,-1
33756,菜,-1
33769,菩,-1
33771,菫,4
33775,華,-1
33777,菱,-1
33796,萄,-1
33802,萊,-1
33804,萌,-1
33806,萎,-1
33833,萩,-1
33841,萱,-1
33853,落,-1
33865,葉,-1
33879,著,-1
33883,葛,-1
33889,葡,-1
33891,董,-1
33894,葦,-1
33900,葬,-1
33909,葵,-1
33914,葺,-1
33936,蒐,-1
33940,蒔,-1
33945,蒙,-1
33970,蒲,-1
33976,蒸,-1
33980,蒼,-1
33988,蓄,-1
33993,蓉,-1
33995,蓋,-1
34001,蓑,-1
34028,蓬,-1
34030,蓮,-1
34065,蔑,-1
34067,蔓,-1
34083,蔣,-1
34086,蔦,-1
34093,蔭,-1
34101,蔵,-1
34109,蔽,-1
34115,蕃,-1
34121,蕉,-1
34126,蕎,-1
34135,蕗,4
34152,蕨,-1
34154,蕪,-1
34174,蕾,-1
34180,薄,-1
34201,薙,-1
34214,薦,-1
34217,薩,-1
34218,薪,-1
34219,薫,-1
34220,薬,-1
34241,藁,-1
34253,藍,-1
34276,藤,-1
34281,藩,-1
34299,藻,-1
34311,蘇,-1
34349,蘭,-1
34382,虎,-1
34384,虐,-1
34394,虚,-1
34396,虜,-1
34398,虞,-1
34411,虫,-1
34425,虹,-1
34442,蚊,-1
34453,蚕,-1
34503,蛇,-1
34509,蛍,-1
34542,蛮,-1
34562,蜂,-1
34588,蜜,-1
34662,蝦,-1
34678,蝶,-1
34701,融,-1
34746,螺,-1
34796,蟬,-1
34809,蟹,-1
34847,蠟,-1
34880,血,4
34886,衆,-1
34892,行,-1
34899,術,-1
34903,街,-1
34907,衛,-1
34909,衝,-1
34913,衡,-1
34915,衣,-1
34920,表,-1
34928,衰,-1
34935,衷,-1
34943,衿,-1
34952,袈,-1
34955,袋,-1
34966,袖,-1
34987,被,-1
34996,袴,-1
35009,裁,-1
35010,裂,-1
35013,装,-1
35023,裏,-1
35029,裕,-1
35036,補,-1
35039,裟,-1
35041,裡,-1
35059,裳,-1
35064,裸,4
35069,製,-1
35070,裾,-1
35079,複,-1
35088,褐,-1
35090,褒,-1
35158,襖,-1
35167,襟,-1
35186,襲,-1
35199,西,-1
35201,要,-1
35206,覆,-1
35207,覇,-1
35211,見,-1
35215,規,-1
35222,視,-1
35226,覚,-1
35239,覧,-1
35242,親,4
35251,観,-1
35282,角,-1
35299,解,-1
35302,触,-1
35328,言,-1
35330,訂,-1
35331,訃,-1
35336,計,-1
35338,訊,-1
35342,討,-1
35347,訓,-1
35351,託,-1
35352,記,-1
35359,訟,-1
35363,訣,-1
35370,訪,-1
35373,設,-1
35377,許,-1
35379,訳,-1
35380,訴,-1
35386,診,-1
35387,註,-1
35388,証,-1
35408,詐,-1
35412,詔,-1
35413,評,-1
35422,詞,-1
35424,詠,-1
35426,詢,-1
35427,詣,-1
35430,試,-1
35433,詩,-1
35435,詫,-1
35438,詮,-1
35440,詰,-1
35441,話,-1
35442,該,-1
35443,詳,-1
35463,誇,-1
35465,誉,-1
35468,誌,-1
35469,認,-1
35475,誓,-1
35477,誕,-1
35480,誘,-1
35486,語,-1
35488,誠,-1
35492,誤,-1
35500,説,-1
35501,読,-1
35504,誰,-1
35506,課,-1
35516,誼,-1
35519,調,-1
35524,諄,-1
35527,談,-1
35531,請,-1
35535,諏,-1
35538,諒,-1
35542,論,-1
35558,諦,-1
35559,諧,-1
35565,諭,-1
35566,諮,-1
35576,諸,-1
35578,諺,-1
35582,諾,-1
35584,謀,-1
35585,謁,-1
35586,謂,-1
35588,謄,-1
35598,謎,-1
35609,謙,-1
35611,講,-1
35613,謝,-1
35617,謡,-1
35641,謹,-1
35672,識,-1
35676,譜,-1
35686,警,-1
35696,議,-1
35698,譲,-1
35703,護,-1
35715,讃,-1
35895,谷,-1
35910,豆,-1
35914,豊,-1
35930,豚,-1
35937,象,-1
35946,豪,-1
35961,豹,-1
35980,貌,-1
35997,貝,-1
35998,貞,-1
36000,負,-1
36001,財,-1
36002,貢,-1
36007,貧,-1
36008,貨,-1
36009,販,-1
36010,貪,-1
36011,貫,-1
36012,責,-1
36015,貯,-1
36016,貰,-1
36020,貴,-1
36023,買,-1
36024,貸,-1
36027,費,-1
36028,貼,-1
36031,貿,-1
36032,賀,-1
36034,賂,-1
36035,賃,-1
36036,賄,-1
36039,資,-1
36042,賊,-1
36049,賑,-1
36051,賓,-1
36059,賛,-1
36060,賜,-1
36062,賞,-1
36064,賠,-1
36066,賢,-1
36070,賦,-1
36074,質,-1
36077,賭,-1
36092,購,-1
36104,贈,-1
36196,赤,-1
36198,赦,-1
36208,走,-1
36211,赳,4
36212,赴,-1
36215,起,-1
36229,超,-1
36234,越,-1
36259,趣,-1
36275,足,-1
36317,距,-1
36321,跡,-1
36328,跨,-1
36335,路,-1
36339,跳,-1
36341,践,-1
36362,踊,-1
36367,踏,-1
36394,踪,-1
36420,蹄,-1
36447,蹟,-1
36468,蹴,-1
36493,躍,-1
36523,身,-1
36554,車,-1
36556,軌,-1
36557,軍,-1
36562,軒,-1
36575,軟,-1
36578,転,-1
36600,軸,-1
36605,軽,-1
36611,較,-1
36617,載,-1
36628,輔,-1
36637,輝,-1
36649,輩,-1
36650,輪,-1
36655,輯,-1
36664,輸,-1
36671,輿,-1
36676,轄,-1
36703,轟,-1
36763,辛,-1
36766,辞,-1
36771,辣,-1
36784,辰,-1
36785,辱,-1
36786,農,-1
36794,辺,-1
36795,辻,-1
36796,込,-1
36799,辿,-1
36802,迂,-1
36804,迄,-1
36805,迅,-1
36814,迎,-1
36817,近,-1
36820,返,-1
36838,迦,-1
36842,迪,-1
36843,迫,-1
36845,迭,-1
36848,述,-1
36855,迷,-1
36861,追,-1
36864,退,-1
36865,送,-1
36867,逃,-1
36870,逆,-1
36879,透,-1
36880,逐,-1
36883,逓,4
36884,途,-1
36887,逗,-1
36889,這,-1
36890,通,-1
36893,逝,-1
36894,逞,4
36895,速,-1
36896,造,-1
36898,逢,-1
36899,連,-1
36910,逮,-1
36913,週,-1
36914,進,-1
36920,逸,-1
36929,遁,-1
36930,遂,-1
36933,遅,-1
36935,遇,-1
36938,遊,-1
36939,運,-1
36941,遍,-1
36942,過,-1
36947,道,-1
36948,達,-1
36949,違,-1
36956,遜,-1
36960,遠,-1
36961,遡,-1
36963,遣,-1
36965,遥,-1
36969,適,-1
36973,遭,-1
36974,遮,-1
36981,遵,-1
36983,遷,-1
36984,選,-1
36986,遺,-1
36988,遼,-1
36991,避,-1
36996,還,-1
37009,邑,-1
37027,那,-1
37030,邦,-1
37034,邪,-1
37048,邸,-1
37057,郁,-1
37066,郊,-1
37070,郎,-1
37089,郡,-1
37096,部,-1
37101,郭,-1
37109,郵,-1
37111,郷,-1
37117,都,-1
37165,鄭,-1
37193,酉,-1
37196,酌,-1
37197,配,-1
37198,酎,-1
37202,酒,4
37204,酔,-1
37218,酢,-1
37226,酪,-1
37228,酬,-1
37237,酵,-1
37239,酷,-1
37240,酸,-1
37255,醇,-1
37261,醍,-1
37264,醐,-1
37266,醒,-1
37276,醜,-1
37292,醬,-1
37304,醸,-1
37319,采,-1
37320,釈,-1
37321,釉,-1
37324,里,-1
37325,重,-1
37326,野,-1
37327,量,-1
37329,金,-1
37336,釘,-1
37340,釜,-1
37341,針,-1
37347,釣,-1
37351,釧,-1
37389,鈍,-1
37428,鈴,-1
37444,鉄,-1
37467,鉛,-1
37474,鉢,-1
37489,鉱,-1
37504,銀,-1
37507,銃,-1
37509,銅,-1
37521,銑,-1
37528,銘,-1
37549,銭,-1
37586,鋒,-1
37613,鋭,-1
37619,鋳,-1
37624,鋸,-1
37628,鋼,-1
37638,錆,-1
37648,錐,-1
37656,錘,-1
37664,錠,-1
37670,錦,-1
37675,錫,-1
37676,錬,-1
37678,錮,-1
37679,錯,-1
37682,録,-1
37707,鍋,-1
37723,鍛,-1
37740,鍬,-1
37749,鍵,-1
37772,鎌,-1
37782,鎖,-1
37799,鎧,-1
37806,鎮,-1
37857,鏡,-1
37912,鐘,-1
37969,鑑,-1
38263,長,-1
38272,門,-1
38275,閃,-1
38281,閉,-1
38283,開,-1
38287,閏,-1
38289,閑,-1
38291,間,-1
38306,関,-1
38307,閣,-1
38308,閤,4
38309,閥,-1
38322,閲,-1
38343,闇,-1
38360,闘,-1
38428,阜,-1
38442,阪,-1
38450,防,-1
38459,阻,-1
38463,阿,-1
38464,陀,-1
38468,附,-1
38477,降,-1
38480,限,-1
38491,陛,-1
38498,院,-1
38499,陣,-1
38500,除,-1
38501,陥,-1
38506,陪,-1
38512,陰,-1
38515,陳,-1
38517,陵,-1
38518,陶,-1
38520,陸,-1
38522,険,-1
38525,陽,-1
38533,隅,-1
38534,隆,-1
38536,隈,-1
38538,隊,-1
38542,階,-1
38543,随,-1
38548,隔,-1
38553,隙,-1
38555,際,-1
38556,障,-1
38560,隠,-1
38563,隣,-1
38583,隷,4
38587,隻,-1
38588,隼,-1
38592,雀,-1
38593,雁,-1
38596,雄,-1
38597,雅,-1
38598,集,-1
38599,雇,-1
38604,雌,-1
38609,雑,-1
38619,雛,-1
38626,離,-1
38627,難,-1
38632,雨,-1
38634,雪,-1
38635,雫,-1
38640,雰,-1
38642,雲,-1
38646,零,-1
38647,雷,-1
38651,電,-1
38656,需,-1
38663,震,-1
38666,霊,-1
38684,霜,-1
38686,霞,-1
38695,霧,-1
38706,露,-1
38738,青,-1
38742,靖,-1
38745,静,-1
38750,非,-1
38754,面,-1
38761,革,-1
38772,靴,-1
38788,鞄,-1
38797,鞍,-1
38808,鞘,-1
38816,鞠,-1
38829,鞭,4
38867,韓,-1
38899,音,-1
38907,韻,-1
38911,響,-1
38913,頁,-1
38914,頂,-1
38915,頃,-1
38917,項,-1
38918,順,-1
38920,須,-1
38924,頌,-1
38928,預,-1
38929,頑,-1
38930,頒,-1
38931,頓,-1
38935,頗,-1
38936,領,-1
38957,頭,-1
38960,頰,-1
38971,頻,-1
38972,頼,-1
38988,題,-1
38989,額,-1
38990,顎,-1
38996,顔,-1
38997,顕,-1
39000,願,-1
39002,顚,4
39006,類,-1
39015,顧,-1
39080,風,-1
39087,颯,-1
39131,飛,-1
39135,食,-1
39138,飢,-1
39151,飯,-1
39154,飲,-1
39164,飼,-1
39165,飽,-1
39166,飾,-1
39173,餅,-1
39178,養,-1
39180,餌,-1
39187,餓,-1
39208,館,-1
39255,饗,-1
39318,首,-1
39321,香,-1
39336,馨,-1
39340,馬,-1
39347,馳,-1
39348,馴,-1
39364,駄,-1
39365,駅,-1
39366,駆,-1
39376,駐,-1
39378,駒,-1
39381,駕,-1
39423,駿,-1
39438,騎,-1
39442,騒,-1
39443,験,-1
39472,騰,-1
39501,驍,-1
39514,驚,-1
39592,骨,-1
39608,骸,-1
39620,髄,-1
39640,高,-1
39658,髪,-1
39729,鬱,-1
39740,鬼,-1
39745,魁,-1
39746,魂,-1
39749,魅,-1
39764,魔,-1
39770,魚,-1
39791,魯,-1
39822,鮎,-1
39854,鮮,-1
39881,鯉,-1
39899,鯛,-1
39912,鯨,-1
39983,鰯,4
40018,鱒,-1
40023,鱗,-1
40165,鳥,-1
40169,鳩,-1
40179,鳳,-1
40180,鳴,-1
40182,鳶,-1
40232,鴨,-1
40251,鴻,-1
40284,鵜,-1
40300,鵬,-1
40335,鶏,-1
40372,鶴,-1
40407,鷗,-1
40434,鷲,-1
40441,鷹,-1
40442,鷺,-1
40575,鹿,-1
40594,麒,-1
40595,麓,-1
40599,麗,-1
40607,麟,-1
40614,麦,-1
40634,麺,-1
40635,麻,-1
40639,麿,-1
40644,黄,-1
40654,黎,-1
40658,黒,-1
40665,黙,-1
40667,黛,-1
40718,鼎,-1
40723,鼓,-1
40763,鼻,-1
40802,齢,-1
40845,龍,-1
